date,time,Fuso horário,format,text,favorite,date_utc,time_utc,notes,details
10-12-2024,07:47:44,Horário Padrão de Brasília,QR_CODE,35240943017003000140590011359531907534957570|20240928115912|65.10||HVhpUi8rToy5GICaCS4avnr1GrfqvvZJDHUbjRfk6J8sQgGJvBeYJSDpxa67ocovRHD/WiI/z9SlxfmrTDiEDG3zhyZ2VZ0,0,10-12-2024,07:47:44,,
10-12-2024,07:47:35,Horário Padrão de Brasília,QR_CODE,35240943017003000140590011359531907543780831|20240928120009|1.205.40||K8CLFaB7,0,10-12-2024,07:47:35,,
10-12-2024,07:47:29,Horário Padrão de Brasília,QR_CODE,35240943017003000140590011359531907559848503|20240928120324|45.00||O3AdpBKLIsXsidCpzbUJ,0,10-12-2024,07:47:29,,
10-12-2024,07:47:24,Horário Padrão de Brasília,QR_CODE,35240943017003000140590011359531907598843304|20240928121126|19.53||Bpa1XN1y1vZ5jRXs93PtocHmUmqwgFhK3y0Pc4uROUWwh1t,0,10-12-2024,07:47:24,,
10-12-2024,07:47:15,Horário Padrão de Brasília,QR_CODE,35240943017003000140590011359531907600818189|20240928121525|57.80||aVxmerftIkj6MVN04A8XpAEu/ZG4hsCTLz/C8Ly1b6YyXz9AJJvj/3fGBg2eRSe26hgl5qiXJpDL0COoLGqFaT7,0,10-12-2024,07:47:15,,
10-12-2024,07:47:09,Horário Padrão de Brasília,CODE_128,35240943017003000140590011359531907610764677,0,10-12-2024,07:47:09,,
10-12-2024,07:47:01,Horário Padrão de Brasília,QR_CODE,35240943017003000140590011359531907658780370|20240928122558|9.99||BI1KYmcK5KnjeY3uLYi9i,0,10-12-2024,07:47:01,,
10-12-2024,07:46:56,Horário Padrão de Brasília,QR_CODE,35240943017003000140590011359531907687805009|20240928123208|12.60||atmDauspCVqey2mxgSCPahFd8lIvhUa9FsxNISow45X5pQxuxpQ3SY,0,10-12-2024,07:46:56,,
10-12-2024,07:46:49,Horário Padrão de Brasília,QR_CODE,35240943017003000140590011359531907696518041|20240928123352|28.68||Z/QZnHEn4IakCKp7axmU8e,0,10-12-2024,07:46:49,,
10-12-2024,07:46:44,Horário Padrão de Brasília,QR_CODE,35240943017003000140590011359531907704815739|20240928123436|8.00||pTDy7n3s19txqPyHO2FNYhU7L2xyleTguQXdodAVmqqg300deCZpa4XnwQiVOMM30LTWEO9v1M27HRtl1JWBjxXix,0,10-12-2024,07:46:44,,
10-12-2024,07:46:40,Horário Padrão de Brasília,QR_CODE,35240943017003000140590011359531907727886128|20240928123746|14.89||I/WVjCxiC4uf6cl2I6/ZWxIDNO8X11oCaKLzFVF5Qn6EK42DojE4y0t08f02qzYIGcJHGZiiFfbfd8HKWty8WW7fC0hKu0LmjabdujW4wS8vpcNI99TFZ0CJN/wkfcwue6RuSTNoLB2lHKJEIf/46BLpCd5634ea6i74RNOWtad/EBeIM36tM/bUe5yE,0,10-12-2024,07:46:40,,
10-12-2024,07:46:33,Horário Padrão de Brasília,QR_CODE,35240943017003000140590011359531907734631768|20240928123928|80.25||vK55TtyC6To2LlFJShoLNtjDCN91mb8kgHntt,0,10-12-2024,07:46:33,,
10-12-2024,07:46:22,Horário Padrão de Brasília,QR_CODE,35240943017003000140590011359531907748434404|20240928124034|24.00||vLHyMo7BWK3m6PIqq1,0,10-12-2024,07:46:22,,
10-12-2024,07:46:18,Horário Padrão de Brasília,QR_CODE,35240943017003000140590011359531907754504290|20240928124141|37.68||OzukodvCDR3gwC3MFSuNCsnEl0UkeUIG5twC2yi,0,10-12-2024,07:46:18,,
10-12-2024,07:46:12,Horário Padrão de Brasília,QR_CODE,35240943017003000140590011359531907786270960|20240928124610|9.50||DiHMT24SKxKUbLRWNdeW8mZYefq/bM/mrEy2fu6P4,0,10-12-2024,07:46:12,,
10-12-2024,07:46:07,Horário Padrão de Brasília,QR_CODE,35240943017003000140590011359531907811046070|20240928124936|15.49||cfUACFG5Trv8qramubN5,0,10-12-2024,07:46:07,,
10-12-2024,07:46:04,Horário Padrão de Brasília,QR_CODE,35240943017003000140590011359531907827147386|20240928125335|11.50||o0HrcxyghtBm1EvywSPPyCialyWEfiiI29jQYY,0,10-12-2024,07:46:04,,
10-12-2024,07:45:59,Horário Padrão de Brasília,QR_CODE,35240943017003000140590011359531907866119606|20240928130042|4.00||gzxUaoVRjVvgdKsOvm/BtA2ec1enfXq364Z0G2irU,0,10-12-2024,07:45:59,,
10-12-2024,07:45:42,Horário Padrão de Brasília,QR_CODE,35240943017003000140590011359531907850868795|20240928130010|25.50||TC2fgcuEzs4aAR1IZnlYF12g4W5oDokHdPxrWauYNyKG1JBEP4ZW0TgQm4ZUAnRqakiIq3oNbnNT6x4RFE,0,10-12-2024,07:45:42,,
10-12-2024,07:45:34,Horário Padrão de Brasília,QR_CODE,35240943017003000140590011359531907959920325|20240928131659|69.46||QOeEaBdkGMFrqwbtAVWhgMJYzfSJNYQMZU7dVj0GMSyms5CYKSpkmSeaiQWC6DDoXNu5nztuoFMa52GOApsbxRe5YG8d41OErUXcBZANU9bIWGeWanNt2apsBBUFhBgJ1CUXmnxgyfL0RazuMlFqzS1WuQ1qP/yhTHSityvi0k7qjwenL/A6bFMWHOaZCZWjqT7ShipPK9oKaTqyLP8VPC6kv/6Let9cGq1gdmHXTIclA2LdstM/kYOZ4cWzW6XiySaKpAcKq1Qd3gm6s0AEFn,0,10-12-2024,07:45:34,,
10-12-2024,07:45:23,Horário Padrão de Brasília,EAN_13,6174229887828,0,10-12-2024,07:45:23,,
10-12-2024,07:45:13,Horário Padrão de Brasília,UPC_E,10380475,0,10-12-2024,07:45:13,,
10-12-2024,07:45:08,Horário Padrão de Brasília,QR_CODE,35240943017003000140590011359531907907098098|20240928130523|12.00||m1AZqu4FyNTW2VOoneyijhymBqs4ffMdT8heHUfaIgE40zVP6z7JEM3esE530D7iHA9y4n9oaOuFS4dMQmAz/YkBb8m747ga8K8yBXX/N4Bg8rcVn4HKWyIMkOFdX5gUSHZcDKNIOLs7JBCdoMeE7tZJ8C7ToI4ZRtv33,0,10-12-2024,07:45:08,,
10-12-2024,07:44:57,Horário Padrão de Brasília,QR_CODE,35240943017003000140590011359531907896468676|20240928130451|20.00||cvh0h3deMLWOK3GUovO2Fh68UJWJlExbd5nc/FpA9/j,0,10-12-2024,07:44:57,,
10-12-2024,07:44:49,Horário Padrão de Brasília,QR_CODE,35240943017003000140590011359531907882353502|20240928130345|73.36||CLO5UEF1TFUqKZYjVoTrTqdG0NKcnL7dp4nzTHrAVbXhCDdaTAMSCWj5TG3kQ7S3cj8fNc9HDPBK1HaEFLMjWB9pbzbaEOWNLYI4kI0ozv2W58Zu7gWLQTvJV6aJOKor8PJxE5jos56i9ZkC2vty93xa5NRsu/cyOe,0,10-12-2024,07:44:49,,
10-12-2024,07:44:43,Horário Padrão de Brasília,QR_CODE,35240943017003000140590011359531908093745141|20240928140755|119.52||B9mdqhe1EDAzPWt43MfIfWDwjXnOyY5yfYwV/jQow2lZKkVodgFs6nf8WeyICpG3mBBlZAOZi4GE5h217k5SnrL7euMjrSTTphhlulM5Oom5XjL1hXsJQpOBBSCiYIehC7N0Skc2pQgpFFtS1czwjrCu7vVzK6XZPmjc2SO6G56kGl5EyeGaeiexmGgsxmKgQ2NHk0IpbTzfkxqxAFG/BbmnGlZU5I2r6zXUNrPgwIEoF,0,10-12-2024,07:44:43,,
10-12-2024,07:44:40,Horário Padrão de Brasília,EAN_13,1596023763767,0,10-12-2024,07:44:40,,
10-12-2024,07:44:35,Horário Padrão de Brasília,QR_CODE,35240943017003000140590011359531908022915494|20240928134416|6.00||vIAELZJKnHXI8ZLG5rU7nBU62Bq0Drd1Ei/m7G5vEutpnekgDEJWheoU6RzDRftPznZ3wrN/TsFAWJEUEwLMEhnV,0,10-12-2024,07:44:35,,
10-12-2024,07:44:22,Horário Padrão de Brasília,QR_CODE,35240943017003000140590011359531908039828484|20240928135425|164.17||f4O5ITPL4wq0GHbAhEKYiqPYAB6mwCtb1pxOETdgh5iB1GPLgTBU6ziA/6elPVJyufs8mBBIYxjvsEVUaoJ4evDq,0,10-12-2024,07:44:22,,
10-12-2024,07:44:16,Horário Padrão de Brasília,QR_CODE,35240943017003000140590011359531908061888869|20240928135904|57.36||vH5,0,10-12-2024,07:44:16,,
10-12-2024,07:44:11,Horário Padrão de Brasília,QR_CODE,35240943017003000140590011359531908087443082|20240928140246|60.00||SHdYG/d6ZwxGajaKTBZO6Agb9tlUWn2pPmJflfEUel7ELyAIB5gQhpvWTOfnSxCYvXWKYgm/vaqULGQX/VK6AFYN3G6Jtx/IkJs6XX2oz0vYnW1ylelP1wEvI97oyzhvst2mdUgGh9,0,10-12-2024,07:44:11,,
10-12-2024,07:44:03,Horário Padrão de Brasília,QR_CODE,35240943017003000140590011359531907874547662|20240928130154|23.00||HW6xNHVvm/yBeJ1UoSQTQIZs03cKFOpV6nBcB5yVvk9LtPmxvEY8LJaOGHk4J3l0FKyEE6RQjbFyYAKGdsLvZwF2qb02KWo8rigt1i5GR,0,10-12-2024,07:44:03,,
10-12-2024,07:43:47,Horário Padrão de Brasília,EAN_13,1125186266787,0,10-12-2024,07:43:47,,
10-12-2024,07:43:33,Horário Padrão de Brasília,EAN_13,3917311371651,0,10-12-2024,07:43:33,,
10-12-2024,07:43:24,Horário Padrão de Brasília,CODE_128,35240943017003000140590011359531858093740641,0,10-12-2024,07:43:24,,
10-12-2024,07:43:16,Horário Padrão de Brasília,EAN_13,3548871878887,0,10-12-2024,07:43:16,,
10-12-2024,07:43:06,Horário Padrão de Brasília,QR_CODE,35240943017003000140590011359531908107722585|20240928142504|46.35||nk5ZObP2tKj,0,10-12-2024,07:43:06,,
10-12-2024,07:42:58,Horário Padrão de Brasília,QR_CODE,35240943017003000140590011359531908113168241|20240928142807|25.90||hXZ/mtrCETddimiJaBbED7MbUE/2KOVFb2Wy2R,0,10-12-2024,07:42:58,,
10-12-2024,07:42:46,Horário Padrão de Brasília,QR_CODE,35240943017003000140590011359531908151499659|20240928143526|15.00||U5Ee4rHGEGWdpf1mkQN9l3q6dUWacZLzQMEbi2PMkDiT2SYAX8OXF0RC49GlGnSCsNCEZio6KnEtwnbekrHnEDC7RZ49ulvJSDj/zF,0,10-12-2024,07:42:46,,
10-12-2024,07:42:39,Horário Padrão de Brasília,QR_CODE,35240943017003000140590011359531908197419020|20240928144157|242.50||cTEsgGpsmojj5zmOKsiJ/vyElpdnUO7JgBoiJIehHmA1Nxrt41v6cbJyQSwBZB9jstAY3f1a2TXWJycRCs7tJy2nga4rpnj2pg8dGUqlyccqv6SnfrwpEeQ,0,10-12-2024,07:42:39,,
10-12-2024,07:42:35,Horário Padrão de Brasília,QR_CODE,35240943017003000140590011359531908248951564|20240928145032|24.00||LDyDihMkAtz8p1LCBRg3LhYIRtyL81C21CGOTRnKugBh7moVg5uqRRpeTDD4OIdQaQtku1oUZigulxQj8//uXKCx5R45Gu0WpYhQlsv6K4M5VOtfYnx8E,0,10-12-2024,07:42:35,,
10-12-2024,07:42:31,Horário Padrão de Brasília,QR_CODE,35240943017003000140590011359531908257088911|20240928145123|60.00||x4OespNR2Z3kKQmnYxAjCT0xtcECsslCU6wagyCtvvkA/ADNGAjQjGOllGjw9QGiugaT6yhw9wrrklJ18wAk6Iv4G9qoPt1Uk1t7TLekmMvmzKHG0gwa633rB3,0,10-12-2024,07:42:31,,
10-12-2024,07:42:25,Horário Padrão de Brasília,QR_CODE,35240943017003000140590011359531908338866299|20240928152101|183.30||tf9HpbQ1ZzaDIfReNssLZPg4Cb25kf7duCt5/RHMcftn6T1RDEAIRd5YbK18RrahdFncBpFK8O/JolRcDudiI64jVHhIKoYNMlWkWp/lH,0,10-12-2024,07:42:25,,
10-12-2024,07:42:22,Horário Padrão de Brasília,QR_CODE,35240943017003000140590011359531908360523110|20240928153220|5.00||OoixdGD0sQtXS,0,10-12-2024,07:42:22,,
10-12-2024,07:42:18,Horário Padrão de Brasília,QR_CODE,35240943017003000140590011359531908354009915|20240928152952|7.50||HF0BtcNwK6KZXCDRLTeUD5RQi57LXPy878T3aayTHnwVJvQrEnbcBUXD1LW4YLp,0,10-12-2024,07:42:18,,
10-12-2024,07:42:06,Horário Padrão de Brasília,QR_CODE,35240943017003000140590011359531908372103995|20240928153517|23.00||YODMHkLtUGhir3u0Xl1CKrdeHEHRwWXT/CxfNZB5CEy1Ou,0,10-12-2024,07:42:06,,
10-12-2024,07:42:00,Horário Padrão de Brasília,QR_CODE,35240943017003000140590011359531908385965362|20240928153914|134.82||a3dz6,0,10-12-2024,07:42:00,,
10-12-2024,07:41:57,Horário Padrão de Brasília,QR_CODE,35240943017003000140590011359531908393265587|20240928155134|6.50||tdVw2hfwhOPbj7CtahMc6ML8g,0,10-12-2024,07:41:57,,
10-12-2024,07:41:48,Horário Padrão de Brasília,QR_CODE,35240943017003000140590011359531908450439062|20240928155526|8.00||A43O0PttmxvYBQ3PhBLjIJhfyAxmBXwbVwLMglOG0c0ZmzMxTk566N90Rll7x55UiIHX3UX1FvX8BC5CNMy,0,10-12-2024,07:41:48,,
10-12-2024,07:41:43,Horário Padrão de Brasília,QR_CODE,35240943017003000140590011359531908508306140|20240928160058|28.68||Z8i7R4L6h/NShQ/zTCeuSznUKNx7TcNdJ/nTjUx5Hr,0,10-12-2024,07:41:43,,
10-12-2024,07:41:37,Horário Padrão de Brasília,QR_CODE,35240943017003000140590011359531908519807235|20240928160152|28.68||zJeQbBm1rl7EJaCvtqK1K1PPymZyM50UpL6D,0,10-12-2024,07:41:37,,
10-12-2024,07:41:33,Horário Padrão de Brasília,QR_CODE,35240943017003000140590011359531908526457325|20240928160402|8.00||MXymmZfXGtMfiZevlmKO73uiR2PTDDL6tjaYjY0jcxqav,0,10-12-2024,07:41:33,,
10-12-2024,07:41:27,Horário Padrão de Brasília,QR_CODE,35240943017003000140590011359531908581116453|20240928161343|2.50||WY9cx0C/58OXG5xsHEw8aZZcaPR3Lj6X4A1ignsK/uKQmzs0yZ,0,10-12-2024,07:41:27,,
10-12-2024,07:41:20,Horário Padrão de Brasília,QR_CODE,35240943017003000140590011359531908700917225|20240928165045|12.25||uNRxuXen63Y/WL9JAsS0LBJaneZ3ftMRwR2RqDyF1RrVHq1pJqizpp6Hxu,0,10-12-2024,07:41:20,,
10-12-2024,07:41:17,Horário Padrão de Brasília,QR_CODE,35240943017003000140590011359531908738180386|20240928165708|23.00||C4DQTc77o/ayvjF,0,10-12-2024,07:41:17,,
10-12-2024,07:41:13,Horário Padrão de Brasília,QR_CODE,35240943017003000140590011359531908776673211|20240928170329|62.16||Mx6tXh75zrZDyAM,0,10-12-2024,07:41:13,,
10-12-2024,07:41:09,Horário Padrão de Brasília,QR_CODE,35240943017003000140590011359531908826477755|20240928170713|12.00||GQ1JhMIuMgPBapJKAdMTgd4g50aZZv4GAttp9T0PEweFagec8XY6HK9j/mjyr4EQAp610YnGyeLywZh6Bf5KR73ioR2CHMKK8OcUcBFFudFjeJBHNS0MPbkBZHB8xkWgXarBbBbLJIr1H/pnPmw03g2F6,0,10-12-2024,07:41:09,,
10-12-2024,07:41:04,Horário Padrão de Brasília,QR_CODE,35240943017003000140590011359531908858697211|20240928171619|41.60||Q3kf/qojTQ/Kv6qybuATb0uTfEYmw2oj5INxll/sGbi5D2D0a4rGzWKfgSLevvU27wcYivdysPq0qNStC34W7AJWLeqLpSYHyg1AE4YKfH4kdAmIALLpxGCkkYJwaxoSd4ivgmGWuHqnpPFyNxCDPXYO0f32i/dij6BFFCWs/tpLW2j5mobRoS61lXb5y4dG0tJoNExhs0/er5rN4S//4GEnYNWgN1FzZxH7wRA/MLzQYvN8advOMGCLITV,0,10-12-2024,07:41:04,,
10-12-2024,07:40:57,Horário Padrão de Brasília,QR_CODE,35240943017003000140590011359531908883608340|20240928171857|19.99||phJd0QFMA1heF,0,10-12-2024,07:40:57,,
10-12-2024,07:40:47,Horário Padrão de Brasília,QR_CODE,35240943017003000140590011359531908897654161|20240928172044|29.05||o/9vRbRUuo52PRz,0,10-12-2024,07:40:47,,
10-12-2024,07:40:42,Horário Padrão de Brasília,QR_CODE,35240943017003000140590011359531908901847690|20240928172207|61.95||FRFinPMKC70C,0,10-12-2024,07:40:42,,
10-12-2024,07:40:38,Horário Padrão de Brasília,QR_CODE,35240943017003000140590011359531908918250560|20240928172307|26.00||lb/wa1lmZq6XBlV4fHYG8we/08msOxKtQZvGdxZXkP6uFHDM/y8SMw3B,0,10-12-2024,07:40:38,,
10-12-2024,07:40:34,Horário Padrão de Brasília,QR_CODE,35240943017003000140590011359531909015553645|20240928173955|16.00||uC5UMt91Br1lweOehX/1dFHGfa4kh7bx6yOtlmiiK6k1yny8kBjRRQIMJj1kLcLLEh99fVqruWFlhPoaXEIyOL90taMJePUOpTqYNtIveXEc9b1ge8ZWQjFi64zuNpOy0tAvd,0,10-12-2024,07:40:34,,
10-12-2024,07:40:24,Horário Padrão de Brasília,QR_CODE,35240943017003000140590011359531909021605457|20240928174127|115.00||s9ibGtNWPBbS/pXrXhiMc5UPz9NUvS1qFVDaFbywVAYDzCQSM8xUa96kfTHMKCgSV5OsAm3ki29jdq8aC61NCrQh5dbfrZVIWzbl/tuULFliYKE5gF69bYgWRtZhpb85DYI2bVVhW4aHA6liAO8oHp6BGY4UvSmAfBEvRFsZPswzxMW,0,10-12-2024,07:40:24,,
10-12-2024,07:40:14,Horário Padrão de Brasília,QR_CODE,35241043017003000140590011359531959367003397|20241011142813|50.00||mwn5Y7triRR7a7oC6BsnONXPyJGlSb6cUBF0VkWHPffEYjwCrNSJ9KeCun7,0,10-12-2024,07:40:14,,
10-12-2024,07:40:03,Horário Padrão de Brasília,QR_CODE,35240943017003000140590011359531900084791572|20240926150457|119.52||JB,0,10-12-2024,07:40:03,,
10-12-2024,07:39:59,Horário Padrão de Brasília,QR_CODE,35240943017003000140590011359531900107307787|20240926150641|10.50||rxz8ZJj/2vAdKQSP0GDBNRHMSDASPHgxLJD0ToPWIERoLMjZ0,0,10-12-2024,07:39:59,,
10-12-2024,07:39:48,Horário Padrão de Brasília,QR_CODE,35240943017003000140590011359531900233670747|20240926154934|26.70||tf4fyG3d2/CaXZNmO3odJsnAFYNsfZLL7NlV9IC/6tGNss0iVI5Gik0Nc35BMLzkkx/SdxSscu8g,0,10-12-2024,07:39:48,,
10-12-2024,07:39:42,Horário Padrão de Brasília,QR_CODE,35240943017003000140590011359531900276686572|20240926160014|89.49||wQi8zOcenkBhwA1Yuyb7R8k8MqtOzAzDooaWEK/tbi8E7sDblICxB/8lJwpNF7O5AfGfYhdNq6LELfk8Q3xJCSdTBICabcFHLUZLe7PnSlROk2YftQR4JCIC4sJSs3gRbx2iSFgl7IgvwJM7vZfHysgxlth5oUBOZG27Lmm,0,10-12-2024,07:39:42,,
10-12-2024,07:39:36,Horário Padrão de Brasília,QR_CODE,35240943017003000140590011359531900572849375|20240926164733|17.53||Zq6PF,0,10-12-2024,07:39:36,,
10-12-2024,07:39:31,Horário Padrão de Brasília,QR_CODE,35240943017003000140590011359531900703168333|20240926170501|55.90||zd0hjtWgZTOtg1Cl8FAnlBGQyXrpEOwC3wfvIhBWHh8nlmILym7op1TNIbnfSOOg92olq1jpF6/9ixayM0RZQ20PxWGcopka1IbqZwTjaT8elxV0bO4mWqebDtUX652v362OskdMPxqmKcPu7DTYF7VzfpcX0CkIk9paWGVjextVD7vRvhaQtF4c6uKdtQaB1r0h8,0,10-12-2024,07:39:31,,
10-12-2024,07:39:23,Horário Padrão de Brasília,QR_CODE,35240943017003000140590011359531901116348480|20240926181429|27.00||kU8s,0,10-12-2024,07:39:23,,
10-12-2024,07:39:19,Horário Padrão de Brasília,QR_CODE,35240943017003000140590011359531901189920842|20240926182549|15.00||k/2FyaMlXIPzER8mjUWsiWFueyEy35cDk60rZICv4L6eu6i3WDsrhEgotyGwU/XMZKRt7osxiZe0lxEg72tErbApf9tC3J/Nj,0,10-12-2024,07:39:19,,
10-12-2024,07:39:11,Horário Padrão de Brasília,QR_CODE,35240943017003000140590011359531901374741681|20240926185341|54.00||SK,0,10-12-2024,07:39:11,,
10-12-2024,07:39:06,Horário Padrão de Brasília,QR_CODE,35240943017003000140590011359531901408944717|20240926190324|60.85||nclRcFAslcqLS/Cntth9Zh83My/0WCH8DXijXOWUNSnRYo4EwS1QlcpdpZzIykRRLGtpHmmnBqCphnWKm87oPDAkbZdyvxs24zYgp9leK/IhiRHJVyxkleyn8WDaRfzWp3zc85dgeJVyTjepDVz,0,10-12-2024,07:39:06,,
10-12-2024,07:39:01,Horário Padrão de Brasília,QR_CODE,35240943017003000140590011359531901470570477|20240926192413|5.00||AVx4uS,0,10-12-2024,07:39:01,,
10-12-2024,07:38:50,Horário Padrão de Brasília,QR_CODE,35240943017003000140590011359531901485637939|20240926192517|10.36||ogrtWyrylEx3AgZcGeOkLgsIYLb9qWboJzNYIB4K5Js,0,10-12-2024,07:38:50,,
10-12-2024,07:38:38,Horário Padrão de Brasília,QR_CODE,35240943017003000140590011359531901528891017|20240926194238|7.50||P5oeLQ1XP1o0E/X2apm7ZxdMGR31q6gNqWZnjAgENSky7iNCzbAAjV7KrbCwZGstJKq8yRZVpx56cbRq6mUV0FnpJ521bIB8ugPTtK9wIDlNaf0nWgE8KKCWsU73z/Xvl903e,0,10-12-2024,07:38:38,,
10-12-2024,07:38:33,Horário Padrão de Brasília,QR_CODE,35240943017003000140590011359531901547579724|20240926194626|26.50||wok,0,10-12-2024,07:38:33,,
10-12-2024,07:38:19,Horário Padrão de Brasília,QR_CODE,35240943017003000140590011359531901557862160|20240926195046|105.78||Hv3Gpi,0,10-12-2024,07:38:19,,
10-12-2024,07:38:11,Horário Padrão de Brasília,QR_CODE,35240943017003000140590011359531901579437070|20240926200719|36.50||TuWXRmkiCHRCly5p7fjiGjPZE00S6UGzNCdjeNpsaW26L,0,10-12-2024,07:38:11,,
10-12-2024,07:38:05,Horário Padrão de Brasília,QR_CODE,35240943017003000140590011359531901582730794|20240926200814|18.00||AykU/mTimoUahGtejMZB3NRqTR3YiN9g2xJxUhFbfd2jNwUhtwqsvjWM8yL2/KivTEXPUyOy5dfQCuVPEx632yz8INQeohhormdXw,0,10-12-2024,07:38:05,,
10-12-2024,07:38:02,Horário Padrão de Brasília,QR_CODE,35240943017003000140590011359531901590101520|20240926201429|54.08||FLFmIGR/Ol268JOQxV/SZnJl1,0,10-12-2024,07:38:02,,
10-12-2024,07:37:55,Horário Padrão de Brasília,QR_CODE,35240943017003000140590011359531901295978662|20240926184512|8.00||Yqlg6t3Nm73yYExG1feOGBdQpkycKm,0,10-12-2024,07:37:55,,
10-12-2024,07:37:51,Horário Padrão de Brasília,QR_CODE,35240943017003000140590011359531901601732912|20240926201542|72.50||DpzP/Ch,0,10-12-2024,07:37:51,,
10-12-2024,07:37:41,Horário Padrão de Brasília,QR_CODE,35240943017003000140590011359531901667679467|20240926202334|24.40||koEMkccq5aDidRxucW3xjvDaxZgtVhqSzLraEjLPuQoeA8QfypvOeGiCRuhNFdLJ9CcDE6bQBM3dhf9jBIWYXNTV2F2NVTDKTi8/Hdr575biVPrm38feiYt6osIp2Jc7lw/aDlTtkJZkvI8x80qjfynFITtgEp8LkMgXCOM1qtnf6iqtFj4zjzVwyYgOt7juo8BlF9gsfDYPxaIlSO3dSmXRsi7EunS2GZcdkhAUwfZo17xvr5wG2WZZ76EtAmk5bnUIOtVSCvOUjNYkkMstXVOhR/LdQRnt/CAL/h60gqiJcwNpC0gsxC6Q5pY8H4dUi,0,10-12-2024,07:37:41,,
10-12-2024,07:37:35,Horário Padrão de Brasília,QR_CODE,35240943017003000140590011359531901783081599|20240926205035|10.75||aj1YrRBjlk,0,10-12-2024,07:37:35,,
10-12-2024,07:37:25,Horário Padrão de Brasília,QR_CODE,35240943017003000140590011359531901875531680|20240926211817|21.00||zgU9nKmhMDB59YD/hSVSWSpWNjXTyUwi6pjNWRXllFgPaHx,0,10-12-2024,07:37:25,,
10-12-2024,07:37:22,Horário Padrão de Brasília,QR_CODE,35240943017003000140590011359531901883797375|20240926211950|25.90||UwzUTOuUCyY46DSJJBwfDCpv3HjMgLeYVOkZ6eoLyYUa1yvlydHYEyTsYxpBmoCnyfIcD/KMQsU2IrGvqLJiBu1D2JlHMIGloQLOU,0,10-12-2024,07:37:22,,
10-12-2024,07:37:11,Horário Padrão de Brasília,QR_CODE,35240943017003000140590011359531901899828739|20240926212253|67.00||Tr50V1gbmaadeYRlX0aOm,0,10-12-2024,07:37:11,,
10-12-2024,07:37:08,Horário Padrão de Brasília,QR_CODE,35240943017003000140590011359531901924221405|20240926214624|13.00||rOMqNlGCfQM9mEx3sbc7gwbwKr95qjQU7yGd8EQlR4Y30/UhERkOwWXcUCVs13Xrb1uu9MZZOmY4xljAl1wjTKOCZsy1Z0sa5EIiaYepAkT3rFQUKvqHbrqgBBsQCYWkToRLzliJRJALZPnhMyk1GLm2AoflnN5CewXgHpLC2QB9QCnjHh4RF/X8Efs8HimZ7OCPFJ,0,10-12-2024,07:37:08,,
10-12-2024,07:37:05,Horário Padrão de Brasília,QR_CODE,35240943017003000140590011359531901935060254|20240926214851|7.00||DMrwD,0,10-12-2024,07:37:05,,
10-12-2024,07:36:54,Horário Padrão de Brasília,QR_CODE,35240943017003000140590011359531902032179481|20240927060433|16.00||U667,0,10-12-2024,07:36:54,,
10-12-2024,07:36:52,Horário Padrão de Brasília,QR_CODE,35240943017003000140590011359531902018805095|20240926220709|521.34||u1OUAoN0upJVlcucslFrB4UfsPaFXFfR4aZRGhDvR3cCdYlrmU4th5JRR55gqwEMIy780sTOnpiTqnBDbKIzWWxakK8eDYz3xC,0,10-12-2024,07:36:52,,
10-12-2024,07:36:40,Horário Padrão de Brasília,QR_CODE,35240943017003000140590011359531902053345828|20240927060937|4.70||LXMWxra0iNtsQ4N9,0,10-12-2024,07:36:40,,
10-12-2024,07:36:34,Horário Padrão de Brasília,QR_CODE,35240943017003000140590011359531902066515190|20240927061507|7.50||FvcZ9N4D,0,10-12-2024,07:36:34,,
10-12-2024,07:36:31,Horário Padrão de Brasília,QR_CODE,35240943017003000140590011359531902114230308|20240927064134|53.50||xbEpCQk4K8yEeBUf/9jXOIaHcbrt4aXJ0EndzvW4Lu14hQYG9xn6eQRXm2pArCA4g,0,10-12-2024,07:36:31,,
10-12-2024,07:36:28,Horário Padrão de Brasília,QR_CODE,35240943017003000140590011359531902167457730|20240927064558|10.50||M0EuJmRElms1WC4unNwQCBBzFnJhHk6pPEF6jtA83pj6vMq2eUQo2UFCIoR1whiKQ,0,10-12-2024,07:36:28,,
10-12-2024,07:36:19,Horário Padrão de Brasília,QR_CODE,35240943017003000140590011359531902183781555|20240927065059|2.50||yV1bCn9fn4btw/7HeWRH0Pv2rrsN5HNXtZDC5WH21YZ2QTnimBDBLYA,0,10-12-2024,07:36:19,,
10-12-2024,07:36:14,Horário Padrão de Brasília,QR_CODE,35240943017003000140590011359531902268746428|20240927071558|5.50||jIzU79Pht8joD3zptPdS0WPpA1B548YBJCtK2IkoGK6Gf3w0Jj9stC,0,10-12-2024,07:36:14,,
10-12-2024,07:36:07,Horário Padrão de Brasília,QR_CODE,35240943017003000140590011359531902468675265|20240927074106|19.25||qJXpZP1XhWiM4/3IJjzuG/tRmHxqyH2v8ReXfJ9FQf0DKdATDUI1wTx0R0UKkdd9VajBCQ054TEx1iRS2xr9,0,10-12-2024,07:36:07,,
10-12-2024,07:36:01,Horário Padrão de Brasília,QR_CODE,35240943017003000140590011359531902579458335|20240927075549|6.00||KZ2h7w5TCvECTztRG7geWECjr7hXOaWpzz0eQtStsl/l47,0,10-12-2024,07:36:01,,
10-12-2024,07:35:56,Horário Padrão de Brasília,QR_CODE,35240943017003000140590011359531902756397112|20240927084418|52.00||Nmg,0,10-12-2024,07:35:56,,
10-12-2024,07:35:53,Horário Padrão de Brasília,QR_CODE,35240943017003000140590011359531902763343766|20240927084446|2.00||rOo0iwFZNVGRqL5pV28ZGY5XBi3dbtQAd,0,10-12-2024,07:35:53,,
10-12-2024,07:35:46,Horário Padrão de Brasília,QR_CODE,35240943017003000140590011359531902782270280|20240927085612|10.00||MilDDQtlCNcnFRFAXjABVMa6Fy4ilwHKvQyd13xR/nvXeUOnDl9c4EUgZI6q08KAF9LSvyQHzx/MdGsH9XBm7,0,10-12-2024,07:35:46,,
10-12-2024,07:35:37,Horário Padrão de Brasília,QR_CODE,35240943017003000140590011359531902893544060|20240927093917|133.21||MSZu8xWHLvMhvW1BSg96GV0XC6sCQJGMRzNGjMFsK8QeeFExdndoI//pqnoWhAkL89FvDZjvdFe/dC1ldud3QaO/VVXZiclIH3N,0,10-12-2024,07:35:37,,
10-12-2024,07:35:29,Horário Padrão de Brasília,QR_CODE,35240943017003000140590011359531903054210355|20240927110058|7.75||o0V9eoEl1dE2Di2UZfzUR0nWpeduQKr3GhL7Bb3qEUIYN9OyU,0,10-12-2024,07:35:29,,
10-12-2024,07:35:25,Horário Padrão de Brasília,QR_CODE,35240943017003000140590011359531903093809980|20240927111638|74.16||v7WtqHptS3Dco4ybXGJb27LprVudA9wAaNImcKAuZvSa8nTnGAMKiY2pTca,0,10-12-2024,07:35:25,,
10-12-2024,07:35:18,Horário Padrão de Brasília,QR_CODE,35240943017003000140590011359531903102329353|20240927111821|163.00||xnJC5L9epuqEmX,0,10-12-2024,07:35:18,,
10-12-2024,07:35:15,Horário Padrão de Brasília,QR_CODE,35240943017003000140590011359531903129159653|20240927112922|3.00||UmGpMt41gGvBNzbvwQeWCVhBPIU1TM53fN4wEcabFNtz7CyuIbohHC3Zd7QYZTeHkDeuASF79FimcxGrDVd3uNYP3dF,0,10-12-2024,07:35:15,,
10-12-2024,07:35:04,Horário Padrão de Brasília,QR_CODE,35240943017003000140590011359531903139313353|20240927114440|7.21||gZz4Wt/pdjLc8S0ny4avRXLQeYRX1JziBOirk/Nd4xSDO7h4sd2U/9KjTAaKLyQtTICTiprX,0,10-12-2024,07:35:04,,
10-12-2024,07:35:00,Horário Padrão de Brasília,QR_CODE,35240943017003000140590011359531903143226087|20240927114609|29.20||JBLRjRtsDzFT1t2VaCpMo4NXkWtoukb9fFgwfzra8zjsVyvKtgSBKQ97bUc3lP,0,10-12-2024,07:35:00,,
10-12-2024,07:34:47,Horário Padrão de Brasília,QR_CODE,35240943017003000140590011359531903193416149|20240927115221|12.75||B5/QZhCDfj/ai9216VtBgf3B7zB0oXp8J989,0,10-12-2024,07:34:47,,
10-12-2024,07:34:42,Horário Padrão de Brasília,QR_CODE,35240943017003000140590011359531903219539927|20240927120318|10.00||LRuoM7EHWCiERIPG5zidGEKupTV0VitIQ,0,10-12-2024,07:34:42,,
10-12-2024,07:34:37,Horário Padrão de Brasília,QR_CODE,35240943017003000140590011359531903222423721|20240927120718|2.00||P4d2Lyr,0,10-12-2024,07:34:37,,
10-12-2024,07:34:33,Horário Padrão de Brasília,QR_CODE,35240943017003000140590011359531903246794266|20240927120931|70.03||wviPiUNafp3xWxXFWO,0,10-12-2024,07:34:33,,
10-12-2024,07:34:29,Horário Padrão de Brasília,QR_CODE,35240943017003000140590011359531903345416391|20240927123419|7.00||NZ7nXQVhEBU6k9ElT51aJcboRvKfwljDRkmqXnPakCquaGPVSMGLxF7eHF6k8ruSijGnzQmQIYWTx/hQ2RZJA7iqNWUOQfDfaP8DtxT9bLp1BpN47S,0,10-12-2024,07:34:29,,
10-12-2024,07:34:26,Horário Padrão de Brasília,EAN_13,1127487182827,0,10-12-2024,07:34:26,,
10-12-2024,07:34:21,Horário Padrão de Brasília,QR_CODE,35240943017003000140590011359531903322347890|20240927123255|91.90||IMoLes85RDixMJdt3aQ4OPvTW2Y5vJdp8cqmtgeffjZf3lo/3Qe5/Cgu,0,10-12-2024,07:34:21,,
10-12-2024,07:34:14,Horário Padrão de Brasília,QR_CODE,35240943017003000140590011359531903351317324|20240927123919|4.00||Fmt9FcaME7IqhXe/VTHnFucuSOdvIkUrtVSrNJaHxj9VeT8eoylUBeksPSF0Gjqz5aKMpg7nm0oIXevJqSuq/8r2UX88FN97R9U3XGFLqALP9NaTWn7AYqfBoVZOT0DB5DWcqDqASTFqGLdXULyhnx1p,0,10-12-2024,07:34:14,,
10-12-2024,07:34:11,Horário Padrão de Brasília,EAN_13,8172871687634,0,10-12-2024,07:34:11,,
10-12-2024,07:34:07,Horário Padrão de Brasília,QR_CODE,35240943017003000140590011359531903378719601|20240927124306|7.50||QpjFj1y5khoPr1jF2CZTpGLiuC/56GOtbWRUadl3OgfnkidGEzX9ONnLVjyZS,0,10-12-2024,07:34:07,,
10-12-2024,07:34:00,Horário Padrão de Brasília,QR_CODE,35240943017003000140590011359531903428649440|20240927125145|15.00||KM7VsqIfWmkwqaOS6Ov8XZidJXdIqAQN43XZG90V1vJrmlkp3wYvlYdhhYSOGB8sKDucAzriObNM8Wzqh4TPNO1DFHa0NuJo5gFEbVebHmoTgTZkiJetur9cHsLN3wsReSMeh3jOew,0,10-12-2024,07:34:00,,
10-12-2024,07:33:55,Horário Padrão de Brasília,QR_CODE,35240943017003000140590011359531903453296377|20240927130707|10.00||o6kUc1NWjIUUqy8e98we/Z4lfZQceflHC98A44CFSdyhGtN8wrTEELyPfLHJRAdgLPnkglJ4u5vL6N0D2i,0,10-12-2024,07:33:55,,
10-12-2024,07:33:42,Horário Padrão de Brasília,QR_CODE,35240943017003000140590011359531903471072043|20240927130941|6.50||PHJCNf1guJ9KBnMPbKKopN4HSHPnUNyl84wZMK38/H1POS89EQtruCawsSG/pX4KOlqkpeIU3PxrAFBL7kKCN2WMgDAk9aCqc0SL3J4S508SAGAHCIKF0FhrQHxacabMMzsN7nErTdUz8FhBQ0/wQfoXmWaea1MgPMsluxeY7lxmIaNtaOfvVDfVJVXFKRANljYJR4bKBDJnNKWi1usEHGzaKMs1w234uGDysuKHvHWw/T6,0,10-12-2024,07:33:42,,
10-12-2024,07:33:38,Horário Padrão de Brasília,QR_CODE,35240943017003000140590011359531903499395858|20240927131957|21.00||LRZ5BVxiF6r1jMb41iNb9Y/fcvBWxlSGMdrXKugQAIbdwq0JzX,0,10-12-2024,07:33:38,,
10-12-2024,07:33:25,Horário Padrão de Brasília,QR_CODE,35240943017003000140590011359531903514370830|20240927133042|7.50||HktvhV4Txky0w3WPMBc1YR6ClkBGHjQSD7OJMTvCciUUx4h5U1GPKrA78JzI/a2VSktQICYe2W6b4eQvp8Er0CDLSRAY,0,10-12-2024,07:33:25,,
10-12-2024,07:33:17,Horário Padrão de Brasília,QR_CODE,35240943017003000140590011359531904349758988|20240927163735|183.89||AQTcfbF2Bth4QTBPVl1QLZVkt74P0B3t3xlqHzT56MWqeoE,0,10-12-2024,07:33:17,,
10-12-2024,07:33:14,Horário Padrão de Brasília,UPC_E,12070381,0,10-12-2024,07:33:14,,
10-12-2024,07:33:06,Horário Padrão de Brasília,QR_CODE,35240943017003000140590011359531904888275053|20240927181727|63.40||cEu3P2vwS0e8lC9iszca/72jl15howFpgYXY1OdnBKTq8RB3p6gi4GaQS6c6n9OR8,0,10-12-2024,07:33:06,,
10-12-2024,07:33:00,Horário Padrão de Brasília,QR_CODE,35240943017003000140590011359531904979724810|20240927183212|10.36||GqBdozarOYP7jU3Z,0,10-12-2024,07:33:00,,
10-12-2024,07:32:49,Horário Padrão de Brasília,QR_CODE,35240943017003000140590011359531905001517509|20240927184258|16.74||S4SRCyuxxkLtK7Aprw3F4zECx1g4cVqBNZap2c/eGswSIY08yKu1WcppFMJ0GKcbrspkLfFCxCBq,0,10-12-2024,07:32:49,,
10-12-2024,07:32:36,Horário Padrão de Brasília,QR_CODE,35240943017003000140590011359531905042080075|20240927184811|5.00||PDhbE8Uk,0,10-12-2024,07:32:36,,
10-12-2024,07:32:32,Horário Padrão de Brasília,QR_CODE,35240943017003000140590011359531905080958619|20240927185211|123.51||cb1CwT73G3oJOLcpGyJOlKmOFbfxgbHMnxiagWjpPS55afFw9PKSUGb6f81dtUgrOgfSDB48HB0x5cXdyGo5I0RM4nHRSbPhsaX7TugaxUdCsWSQCQz7JsM77YPBHQfC4aKo3ZMwbUwulhzM1ZOE4j4P2T5zhZ2qWFigP03ELfTRJEAS0Oc/87BBwGj,0,10-12-2024,07:32:32,,
10-12-2024,07:32:23,Horário Padrão de Brasília,QR_CODE,35240943017003000140590011359531905106360782|20240927185723|85.24||JSnXtMb/FQ7LssLdwx5,0,10-12-2024,07:32:23,,
10-12-2024,07:32:19,Horário Padrão de Brasília,QR_CODE,35240943017003000140590011359531905111039920|20240927185954|80.02||MhbIZX2iD7mz8NY5,0,10-12-2024,07:32:19,,
10-12-2024,07:32:15,Horário Padrão de Brasília,QR_CODE,35240943017003000140590011359531905127664179|20240927190119|62.25||bLAeYSVtOgLkGsZjHoralZIBVUgM9F29/HqEqayTFSAAckZuj7rrhBV575usr1woD/4PZY6CFhYf0KrU7/4q7ua7KYuz7nfSX1aefHGwUn2o3xMQSIQ9BQNzrgH,0,10-12-2024,07:32:15,,
10-12-2024,07:31:59,Horário Padrão de Brasília,QR_CODE,35240943017003000140590011359531905134242683|20240927190231|76.25||ezkaPi8a,0,10-12-2024,07:31:59,,
10-12-2024,07:31:55,Horário Padrão de Brasília,QR_CODE,35240943017003000140590011359531905189197701|20240927190808|56.02||PqhUwBj/KE2KS5Y7kgzJ8ifd3gt0yWYhCMvObckwpk1xAvn9EN8ZjwRpPJvdCiUqV1fNwaEiEFjGn8cdLWX5FfAHpnQC4oA4BvbfPiobC2WbRqMKF1LTh3kZED1i3uhDVD5022KXx08xFPI/DwNs/uAL6cjShVNkXDT,0,10-12-2024,07:31:55,,
10-12-2024,07:31:49,Horário Padrão de Brasília,QR_CODE,35240943017003000140590011359531905198769801|20240927190915|30.90||F7atRips0Egzr5RislYmqBa4l9ehJUjVVAzc,0,10-12-2024,07:31:49,,
10-12-2024,07:31:40,Horário Padrão de Brasília,QR_CODE,35240943017003000140590011359531905215450413|20240927191219|24.90||O9XufWmFZEPn4mYhDl2d0YTNc16DNC3QkrKYFGTUVxeip8hmLDsmq/60X,0,10-12-2024,07:31:40,,
10-12-2024,07:31:34,Horário Padrão de Brasília,QR_CODE,35240943017003000140590011359531905222380743|20240927191306|4.50||NPSbsp44rWBjJvXe,0,10-12-2024,07:31:34,,
10-12-2024,07:31:22,Horário Padrão de Brasília,QR_CODE,35240943017003000140590011359531905335417227|20240927193106|17.00||sqmtP6lR7diCwJACj1anI2N6JLmOO82Zq33uWGTpv8IZrNsCdDiGJ5M3yL8mAmGc1Vtg95px3agoVHQVfncYrwjb2znbNOsAHtNpgiZIGkZ5oDP6DvMCqg9iphFITqCEJOFsQMp1zMSXNakyRlmNJje683yhgSWU,0,10-12-2024,07:31:22,,
10-12-2024,07:31:18,Horário Padrão de Brasília,QR_CODE,35240943017003000140590011359531905347119544|20240927193311|25.30||zqgjywgyAohfZOkOwfRQxgcbfr9,0,10-12-2024,07:31:18,,
10-12-2024,07:31:13,Horário Padrão de Brasília,QR_CODE,35240943017003000140590011359531905378306885|20240927194023|31.90||BFu4WHRBwYluz0mY7BAtdCXMfCQdeAjCAmC6AOONzXIKre8tu9X1PHXJSfNZxLKbIredrKSsTMEymskJuewp9xPqPApTJLTmZ/bIytqA40pvLE1pX4S4iXW3OpiwYdVmeav1baKSBsIRWtCZli3/IK77f7yKe3CGps,0,10-12-2024,07:31:13,,
10-12-2024,07:31:08,Horário Padrão de Brasília,QR_CODE,35240943017003000140590011359531905408380301|20240927194355|38.85||K69N9yE6T/7PIZgZgG,0,10-12-2024,07:31:08,,
10-12-2024,07:31:03,Horário Padrão de Brasília,QR_CODE,35240943017003000140590011359531905429065642|20240927194619|102.04||Q8nYwC2,0,10-12-2024,07:31:03,,
10-12-2024,07:30:58,Horário Padrão de Brasília,QR_CODE,35240943017003000140590011359531905457426590|20240927194907|16.75||M/afpbClCcEh6b/bTh4hFAZSFUfpxRwiHLxotQ99Cx7fwqrds5Bb1NGoA2ROFDaXnBxmHFVwek9BcjJWCxqNTs4IXJvwUSsLyrxhz3LDCdYnr9tZcatl6JdJTHCfMxx/4DELzPw85siQH6mF/ciWZfWGkcfGdjupQG,0,10-12-2024,07:30:58,,
10-12-2024,07:30:55,Horário Padrão de Brasília,UPC_E,12022380,0,10-12-2024,07:30:55,,
10-12-2024,07:30:48,Horário Padrão de Brasília,QR_CODE,35240943017003000140590011359531905462725087|20240927195013|28.58||i,0,10-12-2024,07:30:48,,
10-12-2024,07:30:44,Horário Padrão de Brasília,QR_CODE,35240943017003000140590011359531905535856593|20240927200234|45.13||OjrJpkbqf2xr8V9NEhoe4HNlBI8mZ778HeX2QbMYl5pZCts32E6aIqULPTEPB/HzLP0Sgkon1n7Aj5g6uGGkHQrOLP7bZvdipYOZ8oZJ/2cp/8u7JelH,0,10-12-2024,07:30:44,,
10-12-2024,07:30:34,Horário Padrão de Brasília,QR_CODE,35240943017003000140590011359531905526473083|20240927200102|19.00||uEtvKuah,0,10-12-2024,07:30:34,,
10-12-2024,07:30:30,Horário Padrão de Brasília,QR_CODE,35240943017003000140590011359531905592835044|20240927201311|21.00||YGPLmjvFfFIZaZAHAvYJXhbov4dRJDa,0,10-12-2024,07:30:30,,
10-12-2024,07:30:26,Horário Padrão de Brasília,QR_CODE,35240943017003000140590011359531905656450776|20240927202757|100.00||LiDj3QuJ6uLteNbNxn8iFcZF8J4g2Uz90qI2nBRlEclZNJFv7rGjgrNJ0VxEuW3FyzOL,0,10-12-2024,07:30:26,,
10-12-2024,07:30:13,Horário Padrão de Brasília,QR_CODE,35240943017003000140590011359531905686491713|20240927203548|163.00||Ug3qz9bP8zZnkOfOxH1H/fkEyEz5zvwfS/IsvlsBel,0,10-12-2024,07:30:13,,
10-12-2024,07:30:08,Horário Padrão de Brasília,QR_CODE,35240943017003000140590011359531905693205410|20240927203947|12.75||y6zAH3RiAz/u4MnCAgw95uXrIUoWawMw2r6ZAp4F6cBnWtvd8ljPRj2i2ySRfmXVOR1qiiq6NiStS2PZCVIB,0,10-12-2024,07:30:08,,
10-12-2024,07:30:03,Horário Padrão de Brasília,QR_CODE,35240943017003000140590011359531905707089773|20240927204401|61.24||ae1b2R8jH3CjP9gcYkhAChGF5TTTCPXFGRprbiemIlFnDw6Z1sDm,0,10-12-2024,07:30:03,,
10-12-2024,07:29:53,Horário Padrão de Brasília,QR_CODE,35240943017003000140590011359531905723383192|20240927204819|44.85||JuallwbqOnRHH4QNKXdgAOKQNBR7xksoQX7bxzXgSJ99,0,10-12-2024,07:29:53,,
10-12-2024,07:29:47,Horário Padrão de Brasília,QR_CODE,35240943017003000140590011359531905801922793|20240927211207|28.00||LqBs9qeVndEfYJSGoPNxyaBFsbRyxYPlbhBNjCTIt8832Bv/OEnRZWFKgOoSmgDjuU34i78k0YVSqbUqc7gJEPtgnSxEdJF//rARmyTILjEwiZYbOvW3370NjIW4lIE0KbzVVAJzwMXXmyvKWv1roMmTzX,0,10-12-2024,07:29:47,,
10-12-2024,07:29:39,Horário Padrão de Brasília,QR_CODE,35240943017003000140590011359531905834118004|20240927212103|102.34||ISdzIfpwhh5y4giVQCq0Slnxr,0,10-12-2024,07:29:39,,
10-12-2024,07:29:32,Horário Padrão de Brasília,QR_CODE,35240943017003000140590011359531905868339283|20240927212837|48.50||fMU1GkXyZvimzJ2BA2rYBVfep5BGUcTle49Qsz/o7xFajHYRJO3ob6jTqnVNa,0,10-12-2024,07:29:32,,
10-12-2024,07:29:27,Horário Padrão de Brasília,QR_CODE,35240943017003000140590011359531905881682417|20240927213133|24.00||nwpx8U3sgqFrGoulhl1v3TAxc2DB6J5jahLm3Sp9rn1UamQUttXaZpuuaPEZCCoL4Osh1E3EvEjTy1PhEbpVZEBNwvJE1D9SEwDnwoQ5ZeoHqmV401k2fUfYov0MHrEinVqxP0uBg2h8L3dajm/yOrTd0JpaLAwgbT/kCrtj,0,10-12-2024,07:29:27,,
10-12-2024,07:29:17,Horário Padrão de Brasília,QR_CODE,35240943017003000140590011359531905899040930|20240927215043|47.50||xG0hfziEFVAS0Nz0NIKw6/TgbSdOyz,0,10-12-2024,07:29:17,,
10-12-2024,07:29:12,Horário Padrão de Brasília,QR_CODE,35240943017003000140590011359531905924724167|20240927215259|24.00||pHw3ZmCeOrsHu72eBkrfdFTAhsyBMXoHPYD76uI/sonBrgOgQ0fWhM4SxIGpjeGda6k0F346//ZNRAghpH/K4ymbCTWQR9NBY18TJ6tc/iN08z3M4nTICD9Vtjt6JFjc4Vnc6t5AIrtIiDehK99EiL8Zk1R0csgS7,0,10-12-2024,07:29:12,,
10-12-2024,07:29:10,Horário Padrão de Brasília,EAN_13,2222126078833,0,10-12-2024,07:29:10,,
10-12-2024,07:29:02,Horário Padrão de Brasília,QR_CODE,35240943017003000140590011359531905930428612|20240927215359|13.50||qJpljIU0A,0,10-12-2024,07:29:02,,
10-12-2024,07:28:51,Horário Padrão de Brasília,QR_CODE,35240943017003000140590011359531905941228458|20240927215456|43.00||aJkp6hedLOAl6lVpC43LexzlwW9HJ8Kxtdm,0,10-12-2024,07:28:51,,
10-12-2024,07:28:42,Horário Padrão de Brasília,QR_CODE,35240943017003000140590011359531905998348479|20240927215757|13.00||Ny6GUX17yXytIWG5H/HTp0zPHdvpNusr7IcslZ0AV7xcFzM4Xtav6YY5R1UgV/f8CeR17,0,10-12-2024,07:28:42,,
10-12-2024,07:28:39,Horário Padrão de Brasília,EAN_13,9184189268787,0,10-12-2024,07:28:39,,
10-12-2024,07:28:34,Horário Padrão de Brasília,QR_CODE,35240943017003000140590011359531906061090070|20240927220458|210.76||ZxWMsuPQ6EMIsn7CIW6BRBDjx0emVEdXQjnQlWiQ,0,10-12-2024,07:28:34,,
10-12-2024,07:28:27,Horário Padrão de Brasília,QR_CODE,35240943017003000140590011359531906097368486|20240928062919|7.50||m/0n3JeRefhuVEX9uEPCyRTQWcenUnPEtht43b,0,10-12-2024,07:28:27,,
10-12-2024,07:28:25,Horário Padrão de Brasília,EAN_13,1013463117184,0,10-12-2024,07:28:25,,
10-12-2024,07:28:19,Horário Padrão de Brasília,QR_CODE,35240943017003000140590011359531906316130811|20240928072445|6.00||kegaO2LeWC5wn5Or2GdS1p1WZqJBIeHy526aU2ZWRb025qoMezApthvf1IqAdePQOD2uWReyggDFem3YQJw3yeBXTL,0,10-12-2024,07:28:19,,
10-12-2024,07:28:14,Horário Padrão de Brasília,QR_CODE,35240943017003000140590011359531906344551206|20240928072702|4.50||y3oslQWQFGMjXys7XR3ikfsBe0oGcv/,0,10-12-2024,07:28:14,,
10-12-2024,07:28:07,Horário Padrão de Brasília,QR_CODE,35240943017003000140590011359531906328893904|20240928072505|6.00||m1aIv1gVizfdn/Sy2f24Y/duIGYsKXIlbN2yENmtqVaKrJCV8T,0,10-12-2024,07:28:07,,
10-12-2024,07:27:59,Horário Padrão de Brasília,QR_CODE,35240943017003000140590011359531906413270851|20240928074123|36.01||YDxTPtVQjo8qhFi/6,0,10-12-2024,07:27:59,,
10-12-2024,07:27:39,Horário Padrão de Brasília,QR_CODE,35240943017003000140590011359531906524921818|20240928081942|76.00||jzGSOVloto/1jkUDfTza0THEafnAoo4EqZVnUEFiUft9SOBRWzKPZerkScOu8CPBybA4C142bZfmGL6nuVB,0,10-12-2024,07:27:39,,
10-12-2024,07:27:30,Horário Padrão de Brasília,QR_CODE,35240943017003000140590011359531906532648351|20240928082039|34.50||vh5kmVx,0,10-12-2024,07:27:30,,
10-12-2024,07:27:25,Horário Padrão de Brasília,QR_CODE,35240943017003000140590011359531906540802895|20240928082130|84.07||T3npexO7HJ3Zb1CBJUbQQ8I6vOL/pThLLhiZtKL1GWN0JEBsQqwNhzMldWS0mBRLpOn4qON5uZcfi8Fek8SUHUcfr90BvRFCBZGsbU,0,10-12-2024,07:27:25,,
10-12-2024,07:27:22,Horário Padrão de Brasília,QR_CODE,35240943017003000140590011359531906631084510|20240928085432|28.30||SoCxh2s/1F1IM0grlGxrxzXBzFENthWu,0,10-12-2024,07:27:22,,
10-12-2024,07:27:12,Horário Padrão de Brasília,QR_CODE,35240943017003000140590011359531906650859530|20240928085701|20.20||rESXTa9pYt3Vt1mGAraNQd67d1xer,0,10-12-2024,07:27:12,,
10-12-2024,07:27:08,Horário Padrão de Brasília,QR_CODE,35240943017003000140590011359531906668752584|20240928085811|27.19||FriroFYvAdpQ8I14jLY03SkeRiBmEkPbZh39Rz18kVGVfcehY9edM/mmrEkPAHPD,0,10-12-2024,07:27:08,,
10-12-2024,07:27:05,Horário Padrão de Brasília,QR_CODE,35240943017003000140590011359531906677229643|20240928085844|8.40||pyL5CMbybJaXlVPBGAH,0,10-12-2024,07:27:05,,
10-12-2024,07:26:56,Horário Padrão de Brasília,QR_CODE,35240943017003000140590011359531906714737775|20240928090921|25.90||ZUw0wAgamgBf7tHg/iEtezVXflREUJ6ejg4PUVTK/ZkIaUUvB7cKcwOXODZrHuByHp/LNd2UV5FXv8IpYVTEn9mfsf62KUiWG0BAqjbRj3Ti7rb8aGwXypXx,0,10-12-2024,07:26:56,,
10-12-2024,07:26:52,Horário Padrão de Brasília,QR_CODE,35240943017003000140590011359531906722942579|20240928091451|10.00||VSSRLxXvLq,0,10-12-2024,07:26:52,,
10-12-2024,07:26:48,Horário Padrão de Brasília,QR_CODE,35240943017003000140590011359531906761401648|20240928092521|44.00||ojOflNo7bHYBvUiZD747KwPk3z6ViJ2kbYDvPTCGw5bNFke1EGc6rB/kHRH35yFdLRTl1Pb2qifz3KJRELy1VIKVpkG8WKWatjhDjQtKJhkCotb,0,10-12-2024,07:26:48,,
10-12-2024,07:26:45,Horário Padrão de Brasília,QR_CODE,35240943017003000140590011359531906776330644|20240928092814|49.90||BYsRzvPXqjO0x9TWzOchnmNIo3aw7PB/N0SrCENUWoQT0mBbqGRjjaxjH,0,10-12-2024,07:26:45,,
10-12-2024,07:26:37,Horário Padrão de Brasília,QR_CODE,35240943017003000140590011359531906956387849|20240928102514|7.50||xZ65Dvi7j2xBOERdVszbzG1V7iGy2N48GuH3pyDwqWpC2fyfjVn6IZOFMTN7U7ixkKUA85R76xLS02NU/cZbsIhNbG/DPuxp0or38Mhg1UDd6GaxqWdsyd1cVWwy9sMh/SghMt5CvcU/9CqXnlrxKmJwKZTmyeV9s5hy7fGkLLumI,0,10-12-2024,07:26:37,,
10-12-2024,07:26:32,Horário Padrão de Brasília,QR_CODE,35240943017003000140590011359531906971508228|20240928102658|40.00||dgalxQRT0WKe2tqgdCeMHJn4fZ0fQXUT5VwVGkfiN8M0DjIvJIB8yiarfSX/jejGCKSI9aPnoO,0,10-12-2024,07:26:32,,
10-12-2024,07:26:26,Horário Padrão de Brasília,QR_CODE,35240943017003000140590011359531906991963192|20240928103530|22.80||Tx,0,10-12-2024,07:26:26,,
10-12-2024,07:26:20,Horário Padrão de Brasília,QR_CODE,35240943017003000140590011359531907018803522|20240928104143|16.00||tbGDs5,0,10-12-2024,07:26:20,,
10-12-2024,07:26:15,Horário Padrão de Brasília,QR_CODE,35240943017003000140590011359531907033935221|20240928105204|141.50||m33yaY2vDZwdzl2YrDyNVSDLOBEAY/fh,0,10-12-2024,07:26:15,,
10-12-2024,07:26:11,Horário Padrão de Brasília,QR_CODE,35240943017003000140590011359531907077479000|20240928105648|3.50||MsPjIrNxyjRlZ7z,0,10-12-2024,07:26:11,,
10-12-2024,07:26:07,Horário Padrão de Brasília,UPC_A,107809004670,0,10-12-2024,07:26:07,,
10-12-2024,07:26:02,Horário Padrão de Brasília,QR_CODE,35240943017003000140590011359531907081741040|20240928105819|8.50||mvzpK5/DZLX3gYBeNihK0IELcziPeeAgywV4rpWbtj5AeTjJANbc6prtGpu5Ulj2dYQJwBZ64tabjpth,0,10-12-2024,07:26:02,,
10-12-2024,07:25:59,Horário Padrão de Brasília,QR_CODE,35240943017003000140590011359531907105824153|20240928110256|7.00||PFIbGe,0,10-12-2024,07:25:59,,
10-12-2024,07:25:52,Horário Padrão de Brasília,QR_CODE,35240943017003000140590011359531907138988040|20240928110727|6.00||kVZ5BpeaL7O3jFh6,0,10-12-2024,07:25:52,,
10-12-2024,07:25:43,Horário Padrão de Brasília,QR_CODE,35240943017003000140590011359531907143645740|20240928110848|17.00||c7XHyF0GjwjhtElumtjTTIEjGmg6,0,10-12-2024,07:25:43,,
10-12-2024,07:25:37,Horário Padrão de Brasília,QR_CODE,35240943017003000140590011359531907179948182|20240928111143|64.00||CMahXjBhtn1kVZiEeAfttx/Ufw5nwT9qLUDCaojhGyXQAoPMfBSg,0,10-12-2024,07:25:37,,
10-12-2024,07:25:34,Horário Padrão de Brasília,EAN_13,6771844621631,0,10-12-2024,07:25:34,,
10-12-2024,07:25:30,Horário Padrão de Brasília,QR_CODE,35240943017003000140590011359531907185509063|20240928111411|28.68||duy4UToC,0,10-12-2024,07:25:30,,
10-12-2024,07:25:16,Horário Padrão de Brasília,QR_CODE,35240943017003000140590011359531907202922628|20240928111630|38.85||I45dIYbiOcMOvouTpQspWyxycDOn6n8dX/goy2AFnCbaCGiyK6BxuC3CSnNRKUPav2DHJaoPPSvuZ0dELnDk81,0,10-12-2024,07:25:16,,
10-12-2024,07:25:11,Horário Padrão de Brasília,QR_CODE,35240943017003000140590011359531907250178518|20240928111958|2.60||EgiMwIPLkJ3czp/WN6NzOPxege/xYGkDq/r4TdwdYtuiVNOtSsXdbSX3NjTrWrz3tn9M8dJj7kLQ9IDDFW,0,10-12-2024,07:25:11,,
10-12-2024,07:25:07,Horário Padrão de Brasília,QR_CODE,35240943017003000140590011359531907260312896|20240928112036|127.00||lQPP5s4NFCU9gsqY8z6lkns1uFBxcJPahtWbqDNpE7lqSoBjAaIlQIKLV0vgOS3UWHmRUDEmYrpZw1wnf8ji80LNX0xZNaZItiOY60,0,10-12-2024,07:25:07,,
10-12-2024,07:25:03,Horário Padrão de Brasília,QR_CODE,35240943017003000140590011359531907335622137|20240928113058|28.50||k5E66hL/L2JYp267BXtuZIRh137PcUwgJYgArP5kph9AIwb1QQqfX,0,10-12-2024,07:25:03,,
10-12-2024,07:25:00,Horário Padrão de Brasília,QR_CODE,35240943017003000140590011359531907353816541|20240928113310|10.00||GkkVaH2ipubLlncv2Xq0ZFOPbO/,0,10-12-2024,07:25:00,,
10-12-2024,07:24:55,Horário Padrão de Brasília,QR_CODE,35240943017003000140590011359531907469843227|20240928114601|45.00||Zt6qtneNlQDHBAre05yoCZAld5HxG1IuytKX,0,10-12-2024,07:24:55,,
10-12-2024,07:24:51,Horário Padrão de Brasília,QR_CODE,35240943017003000140590011359531907484239440|20240928115021|31.00||tnr/hy4Y3Osd6IgyZnPbBJiNelIx,0,10-12-2024,07:24:51,,
10-12-2024,07:24:46,Horário Padrão de Brasília,QR_CODE,35240943017003000140590011359531907525091230|20240928115437|35.85||uOIR1tX,0,10-12-2024,07:24:46,,
10-08-2024,19:54:28,Horário Padrão de Brasília,QR_CODE,https://www.a12.com/area-do-devoto/oferta-digital?campanha=5296,0,10-08-2024,19:54:28,,
